n,x,y,z,w,gap,spread
1,1,0,0,0,0,1
101,6,6,5,2,0,4
201,8,8,8,3,0,5
301,10,10,10,1,1,9
401,12,11,10,6,1,6
501,14,13,10,6,2,8
601,13,12,12,12,0,1
701,18,13,12,8,4,10
801,16,16,15,8,1,8
901,17,16,16,10,1,7
1001,18,16,15,14,2,4
1101,20,18,16,11,3,9
1201,20,17,16,16,2,4
1301,22,18,18,13,3,9
1401,22,22,17,12,3,10
1501,22,20,19,16,2,6
1601,24,20,20,15,3,9
1701,24,23,20,14,3,10
1801,26,23,20,14,4,12
1901,24,22,21,20,2,4
2001,25,24,20,20,2,5
2101,25,24,24,18,2,7
2201,26,25,24,18,2,8
2301,26,26,25,18,2,8
2401,28,28,28,7,3,21
2501,30,25,24,20,4,10
2601,29,28,24,20,3,9
2701,29,28,26,20,3,9
2801,30,28,26,21,3,9
2901,30,29,26,22,3,8
3001,30,30,25,24,2,6
3101,30,29,28,24,2,6
3201,30,29,28,26,1,4
3301,34,31,28,20,5,14
3401,34,33,30,16,4,18
3501,34,31,30,22,4,12
3601,32,32,32,23,1,9
3701,35,30,30,26,4,9
3801,32,32,32,27,1,5
3901,37,32,32,22,5,15
4001,36,35,34,18,4,18
4101,36,34,32,25,3,11
4201,37,32,32,28,4,9
4301,34,34,33,30,1,4
4401,38,35,34,24,4,14
4501,38,35,34,26,4,12
4601,36,36,35,28,2,8
4701,36,35,34,32,1,4
4801,40,37,34,26,5,14
4901,40,39,36,22,4,18
5001,38,38,33,32,2,6
5101,40,40,35,26,4,14
5201,40,39,36,28,3,12
5301,40,38,36,31,3,9
5401,41,40,38,26,4,15
5501,42,40,36,29,4,13
5601,41,40,36,32,3,9
5701,38,38,38,37,0,1
5801,44,39,38,30,5,14
5901,43,40,36,34,4,9
6001,44,41,40,28,5,16
6101,45,42,34,34,5,11
6201,42,41,40,34,2,8
6301,45,44,42,24,5,21
6401,43,42,42,32,2,11
6501,43,42,38,38,2,5
6601,47,46,40,26,6,21
6701,45,44,38,36,4,9
6801,46,44,43,30,4,16
6901,46,46,38,35,4,11
7001,46,42,40,39,4,7
7101,46,45,44,32,3,14
7201,46,45,42,36,3,10
7301,48,47,42,32,5,16
7401,48,44,44,35,4,13
7501,46,44,43,40,2,6
7601,48,46,45,34,4,14
7701,46,46,45,38,2,8
7801,50,47,44,34,5,16
7901,48,48,43,38,3,10
8001,48,48,48,33,3,15
8101,50,46,46,37,4,13
8201,48,45,44,44,2,4
8301,50,50,49,30,4,20
8401,50,46,44,43,4,7
8501,50,49,48,36,3,14
8601,50,48,46,41,3,9
8701,51,50,48,36,4,15
8801,51,50,44,42,4,9
8901,52,50,49,36,4,16
9001,50,50,49,40,2,10
9101,52,51,50,36,4,16
9201,51,50,50,40,3,11
9301,54,54,45,38,5,16
9401,54,50,48,41,5,13
9501,55,54,46,38,6,17
9601,55,52,44,44,6,11
9701,54,54,50,37,4,17
9801,54,52,50,41,4,13
9901,50,50,50,49,0,1
10001,56,51,50,42,5,14
10101,51,50,50,50,0,1
10201,56,56,52,35,5,21
10301,55,54,54,38,4,17
10401,56,54,50,43,5,13
10501,58,56,49,40,6,18
10601,56,56,48,45,4,11
10701,58,56,51,40,6,18
10801,56,55,52,44,4,12
10901,57,56,54,40,4,17
11001,56,56,52,45,3,11
11101,60,56,51,42,7,18
11201,59,54,50,48,6,11
11301,58,58,53,42,4,16
11401,58,56,50,49,4,9
11501,60,56,54,43,6,17
11601,56,56,55,48,2,8
11701,60,57,54,44,5,16
11801,57,56,54,50,2,7
11901,60,59,52,46,5,14
12001,56,56,55,52,1,4
12101,60,57,56,46,4,14
12201,62,62,48,47,6,15
12301,58,58,58,47,2,11
12401,64,58,54,45,8,19
12501,60,58,56,49,4,11
12601,62,62,52,47,5,15
12701,60,58,56,51,3,9
12801,61,60,58,46,4,15
12901,58,58,58,53,1,5
13001,63,58,58,48,5,15
13101,62,61,60,44,4,18
13201,60,60,60,49,2,11
13301,66,60,56,47,8,19
13401,60,60,60,51,2,9
13501,64,64,53,50,5,14
13601,61,60,58,54,2,7
13701,64,63,56,50,5,14
13801,65,64,58,46,6,19
13901,65,62,54,54,6,11
14001,64,64,60,47,4,17
14101,64,62,56,55,4,9
14201,66,62,60,49,6,17
14301,62,61,60,56,2,6
14401,66,62,60,51,5,15
14501,68,66,65,36,7,32
14601,64,64,60,53,3,11
14701,66,66,65,42,5,24
14801,64,63,60,56,3,8
14901,68,65,56,54,6,14
15001,71,64,58,50,9,21
15101,66,66,58,55,4,11
15201,68,66,61,50,6,18
15301,65,64,62,56,3,9
15401,70,68,66,39,7,31
15501,63,62,62,62,0,1
15601,70,62,61,56,7,14
15701,67,66,66,50,4,17
15801,68,63,62,58,5,10
15901,68,68,62,53,4,15
16001,70,70,60,51,6,19
16101,68,66,64,55,4,13
16201,73,66,60,54,9,19
16301,66,66,65,58,2,8
16401,70,67,64,54,5,16
16501,71,70,68,44,6,27
16601,70,66,64,57,5,13
16701,71,70,62,54,6,17
16801,67,66,66,60,2,7
16901,72,66,65,56,6,16
17001,71,70,66,52,5,19
17101,68,68,67,58,2,10
17201,70,69,68,54,4,16
17301,68,66,65,64,2,4
17401,71,70,64,58,5,13
17501,73,70,66,54,6,19
17601,70,68,66,61,3,9
17701,71,70,68,56,4,15
17801,72,72,68,53,5,19
17901,72,69,66,60,5,12
18001,73,72,72,48,5,25
18101,70,67,66,66,2,4
18201,73,72,62,62,5,11
18301,74,70,70,55,6,19
18401,72,68,68,63,4,9
18501,73,72,68,58,4,15
18601,74,74,68,55,5,19
18701,72,72,67,62,3,10
18801,72,72,72,57,3,15
18901,76,74,68,55,7,21
19001,75,72,64,64,6,11
19101,74,74,70,57,4,17
19201,72,70,69,66,2,6
19301,74,72,71,60,4,14
19401,76,74,70,57,6,19
19501,74,70,70,65,4,9
19601,75,74,70,60,4,15
19701,76,76,70,57,5,19
19801,74,73,70,64,3,10
19901,76,75,70,60,5,16
20001,78,77,68,58,7,20
20101,76,73,70,64,5,12
20201,78,74,71,60,6,18
20301,79,78,74,50,7,29
20401,76,76,68,65,4,11
20501,78,76,71,60,6,18
20601,74,72,71,70,2,4
20701,77,76,70,64,5,13
20801,78,78,77,52,5,26
20901,75,74,70,70,2,5
21001,80,74,70,65,7,15
21101,80,75,74,60,7,20
21201,75,74,74,68,2,7
21301,80,74,73,64,7,16
21401,79,78,74,60,5,19
21501,76,75,74,68,2,8
21601,80,76,73,64,6,16
21701,79,78,76,60,5,19
21801,76,76,75,68,2,8
21901,80,77,74,64,6,16
22001,83,78,72,62,8,21
22101,79,76,72,70,4,9
22201,80,77,76,64,5,16
22301,84,76,75,62,9,22
22401,80,75,74,70,5,10
22501,80,80,74,65,4,15
22601,82,81,80,54,6,28
22701,79,78,74,70,3,9
22801,80,80,76,65,4,15
22901,83,78,78,62,7,21
23001,79,78,76,70,3,9
23101,84,84,75,58,8,26
23201,84,80,76,63,7,21
23301,80,78,76,71,3,9
23401,81,80,78,66,4,15
23501,82,82,78,63,5,19
23601,80,79,76,72,3,8
23701,83,82,82,58,6,25
23801,87,80,74,66,9,21
23901,80,80,75,74,2,6
24001,82,82,77,68,4,14
24101,86,82,75,66,8,20
24201,80,79,78,74,2,6
24301,84,80,78,69,6,15
24401,88,78,78,67,9,21
24501,80,79,78,76,1,4
24601,84,81,78,70,5,14
24701,84,83,80,66,5,18
24801,86,85,78,64,7,22
24901,85,82,74,74,6,11
25001,84,84,80,67,4,17
25101,85,84,82,64,5,21
25201,84,81,80,72,4,12
25301,87,84,76,70,7,17
25401,86,84,82,65,6,21
25501,82,82,82,73,2,9
25601,86,86,75,72,5,14
25701,86,85,82,66,5,20
25801,85,80,80,76,4,9
25901,84,84,83,70,3,14
26001,88,88,73,72,7,16
26101,82,82,82,77,1,5
26201,87,82,82,72,6,15
26301,86,85,84,68,4,18
26401,90,84,83,66,8,24
26501,86,86,78,75,4,11
26601,88,86,81,70,6,18
26701,88,88,82,67,6,21
26801,86,84,82,75,4,11
26901,88,88,78,73,5,15
27001,88,88,83,68,5,20
27101,87,82,82,78,4,9
27201,86,86,85,72,3,14
27301,90,90,75,74,7,16
27401,84,84,83,80,1,4
27501,88,85,84,74,5,14
27601,90,90,76,75,6,15
27701,90,89,84,68,6,22
27801,88,85,84,76,4,12
27901,91,88,80,74,7,17
28001,90,88,86,69,6,21
28101,86,86,85,78,2,8
28201,90,87,84,74,6,16
28301,93,88,82,72,8,21
28401,86,85,84,82,1,4
28501,90,87,84,76,5,14
28601,90,89,86,72,5,18
28701,92,91,84,70,7,22
28801,91,86,82,80,6,11
28901,90,90,85,74,4,16
29001,92,90,86,71,6,21
29101,88,88,83,82,2,6
29201,90,90,85,76,4,14
29301,94,90,83,74,8,20
29401,94,89,88,70,8,24
29501,90,89,86,78,4,12
29601,91,90,88,74,4,17
29701,95,94,88,64,8,31
29801,90,88,86,81,3,9
29901,91,90,88,76,4,15
30001,92,92,88,73,5,19
30101,95,94,84,72,8,23
30201,92,90,86,79,5,13
30301,94,92,85,76,6,18
30401,94,91,90,72,6,22
30501,91,90,86,82,3,9
30601,92,92,88,77,4,15
30701,95,90,90,74,7,21
30801,88,88,88,87,0,1
30901,94,89,88,80,6,14
31001,95,90,90,76,6,19
31101,94,94,90,73,5,21
31201,93,90,86,84,4,9
31301,94,91,90,78,5,16
31401,98,90,89,76,9,22
31501,98,94,94,65,9,33
31601,95,92,84,84,6,11
31701,94,94,90,77,4,17
31801,95,94,92,74,5,21
31901,92,91,90,84,2,8
32001,96,92,89,80,6,16
32101,95,94,92,76,5,19
32201,97,96,90,74,7,23
32301,93,92,92,82,3,11
32401,96,96,87,80,5,16
32501,97,96,90,76,6,21
32601,93,92,88,88,2,5
32701,98,92,88,83,7,15
32801,98,93,92,78,7,20
32901,98,94,94,75,7,23
33001,95,94,88,86,4,9
33101,96,94,93,80,5,16
33201,99,96,90,78,7,21
33301,98,98,98,67,6,31
33401,96,96,88,85,4,11
33501,98,96,91,80,6,18
33601,98,98,92,77,6,21
33701,96,92,90,89,4,7
33801,96,95,94,82,4,14
33901,101,94,92,80,8,21
34001,102,99,86,80,9,22
34101,96,95,92,86,3,10
34201,98,97,92,82,5,16
34301,100,99,90,80,7,20
34401,100,97,96,76,7,24
34501,98,94,94,85,5,13
34601,100,99,88,84,6,16
34701,98,98,97,78,4,20
34801,96,94,93,90,2,6
34901,98,96,95,84,4,14
35001,100,98,94,81,6,19
35101,100,99,96,78,6,22
35201,96,96,95,88,2,8
35301,100,97,94,84,6,16
35401,102,102,97,72,7,30
35501,101,100,96,78,6,23
35601,98,98,93,88,3,10
35701,98,98,98,83,3,15
35801,102,100,94,81,7,21
35901,103,98,98,78,8,25
36001,100,96,96,87,5,13
36101,102,101,90,86,6,16
36201,100,100,99,80,4,20
36301,98,95,94,94,2,4
36401,101,100,90,90,5,11
36501,102,98,98,83,6,19
36601,101,100,100,80,5,21
36701,100,96,94,93,4,7
36801,100,99,98,86,4,14
36901,104,103,100,74,7,30
37001,106,103,90,84,9,22
37101,100,98,96,91,3,9
37201,101,100,98,86,4,15
37301,102,102,98,83,5,19
37401,105,104,94,82,8,23
37501,101,100,94,92,4,9
37601,102,100,99,86,5,16
37701,105,102,96,84,7,21
37801,106,104,95,82,8,24
37901,100,100,99,90,2,10
38001,102,101,100,86,4,16
38101,102,102,102,83,4,19
38201,106,102,100,81,8,25
38301,101,100,100,90,3,11
38401,104,104,95,88,6,16
38501,105,104,98,84,6,21
38601,108,103,98,82,9,26
38701,104,100,98,91,5,13
38801,105,104,96,88,6,17
38901,106,103,100,84,7,22
39001,110,104,103,74,11,36
39101,105,102,94,94,6,11
39201,104,104,100,87,5,17
39301,105,104,102,84,5,21
39401,108,103,102,82,8,26
39501,104,102,100,91,4,13
39601,108,107,102,78,8,30
39701,108,106,105,76,8,32
39801,100,100,100,99,0,1
39901,106,101,100,92,6,14
40001,107,102,102,88,6,19
40101,106,106,102,85,5,21
40201,101,100,100,100,0,1
40301,108,100,99,94,7,14
40401,105,104,104,88,4,17
40501,108,108,98,87,7,21
40601,109,108,100,84,8,25
40701,106,104,100,93,5,13
40801,108,106,99,90,7,18
40901,108,105,104,86,6,22
41001,110,106,103,84,8,26
41101,106,106,98,95,4,11
41201,108,106,101,90,6,18
41301,108,108,102,87,6,21
41401,112,104,104,85,10,27
41501,106,105,102,94,4,12
41601,107,106,104,90,5,17
41701,112,106,100,89,9,23
41801,112,108,108,77,9,35
41901,106,106,102,95,3,11
42001,110,106,101,92,7,18
42101,110,110,99,90,7,20
42201,112,106,105,86,9,26
42301,109,104,100,98,6,11
42401,108,108,103,92,5,16
42501,110,108,104,89,6,21
42601,114,111,110,72,10,42
42701,108,106,100,99,4,9
42801,110,106,104,93,6,17
42901,111,108,104,90,7,21
43001,114,106,105,88,10,26
43101,106,106,105,98,2,8
43201,110,107,104,94,6,16
43301,113,108,102,92,8,21
43401,111,110,106,88,6,23
43501,107,106,104,100,2,7
43601,110,109,102,96,5,14
43701,111,110,104,92,6,19
43801,112,110,106,89,7,23
43901,106,106,105,102,1,4
44001,110,107,106,96,5,14
44101,112,112,98,97,6,15
44201,112,111,106,90,6,22
44301,116,112,101,90,10,26
44401,108,108,108,97,2,11
44501,114,108,104,95,8,19
44601,114,113,100,94,8,20
44701,114,114,103,90,8,24
44801,110,108,106,99,4,11
44901,112,112,102,97,6,15
45001,112,112,107,92,5,20
45101,114,113,106,90,7,24
45201,110,108,106,101,3,9
45301,111,110,108,96,4,15
45401,112,112,108,93,5,19
45501,115,114,104,92,8,23
45601,108,108,108,103,1,5
45701,113,108,108,98,6,15
45801,112,111,110,94,4,18
45901,116,110,109,92,8,24
46001,116,114,107,90,8,26
46101,110,110,110,99,2,11
46201,116,110,106,97,8,19
46301,116,115,102,96,8,20
46401,116,115,114,82,8,34
46501,110,110,110,101,2,9
46601,114,114,103,100,6,14
46701,114,113,110,94,5,20
46801,118,115,104,94,9,24
46901,111,110,108,104,2,7
47001,114,113,106,100,5,14
47101,115,114,108,96,6,19
47201,116,114,110,93,7,23
47301,118,114,110,91,9,27
47401,115,112,104,104,6,11
47501,114,114,110,97,5,17
47601,115,114,112,94,5,21
47701,118,113,112,92,8,26
47801,114,112,106,105,4,9
47901,116,112,110,99,6,17
48001,117,114,110,96,7,21
48101,120,112,111,94,10,26
48201,112,111,110,106,2,6
48301,116,112,110,101,6,15
48401,120,110,110,99,9,21
48501,120,116,106,97,9,23
48601,116,116,115,92,5,24
48701,114,114,110,103,3,11
48801,118,114,109,100,7,18
48901,118,118,107,98,7,20
49001,120,114,113,94,9,26
49101,114,113,110,106,3,8
49201,118,115,106,104,7,14
49301,120,119,114,88,8,32
49401,118,116,114,95,6,23
49501,120,116,114,93,8,27
49601,116,116,108,105,4,11
49701,118,116,111,100,6,18
49801,118,118,112,97,6,21
49901,122,114,114,95,10,27
50001,115,114,112,106,3,9
50101,121,112,110,104,9,17
50201,120,116,112,99,7,21
50301,120,117,114,96,7,24
50401,113,112,112,112,0,1
50501,120,112,111,106,7,14
50601,117,116,116,100,4,17
50701,120,120,110,99,7,21
50801,121,120,112,96,8,25
50901,118,113,112,108,5,10
51001,118,118,112,103,5,15
51101,120,120,110,101,6,19
51201,122,122,117,88,8,34
51301,124,122,121,80,10,44
51401,118,116,114,105,4,13
51501,123,116,110,104,9,19
51601,124,116,113,100,10,24
51701,120,119,118,96,6,24
51801,116,116,115,108,2,8
51901,120,117,114,104,6,16
52001,123,118,112,102,8,21
52101,121,120,116,98,6,23
52201,123,120,116,96,8,27
52301,120,116,114,107,5,13
52401,121,120,112,104,6,17
52501,122,119,116,100,7,22
52601,126,122,105,104,11,22
52701,117,116,116,110,2,7
52801,122,116,115,106,7,16
52901,121,120,116,102,5,19
53001,120,120,120,99,4,21
53101,122,122,118,97,6,25
53201,118,118,117,108,2,10
53301,120,119,118,104,4,16
53401,120,120,120,101,4,19
53501,124,120,118,99,8,25
53601,118,116,115,114,2,4
53701,121,120,114,108,5,13
53801,123,120,116,104,7,19
53901,124,120,118,101,7,23
54001,126,120,118,99,9,27
54101,120,118,116,111,3,9
54201,121,120,118,106,4,15
54301,122,122,118,103,5,19
54401,125,124,114,102,8,23
54501,123,122,122,98,6,25
54601,122,119,116,110,5,12
54701,124,120,117,106,7,18
54801,126,122,115,104,8,22
54901,124,122,121,100,6,24
55001,120,117,116,116,2,4
55101,123,122,112,112,5,11
55201,124,120,120,105,6,19
55301,123,122,122,102,5,21
55401,125,124,120,100,7,25
55501,122,118,118,113,4,9
55601,123,122,118,108,5,15
55701,124,124,118,105,5,19
55801,128,122,118,103,9,25
55901,126,125,120,100,7,26
56001,122,122,117,112,3,10
56101,122,122,122,107,3,15
56201,126,124,118,105,7,21
56301,127,122,122,102,8,25
56401,128,124,121,100,9,28
56501,125,122,114,114,6,11
56601,124,124,120,107,5,17
56701,125,124,122,104,5,21
56801,128,123,122,102,8,26
56901,122,120,119,116,2,6
57001,124,122,121,110,4,14
57101,126,124,120,107,6,19
57201,126,125,122,104,6,22
57301,128,128,118,103,8,25
57401,124,120,120,115,4,9
57501,125,124,120,110,5,15
57601,126,126,120,107,5,19
57701,130,124,120,105,9,25
57801,128,127,122,102,7,26
57901,124,123,120,114,3,10
58001,126,125,120,110,5,16
58101,128,127,118,108,7,20
58201,128,125,124,104,7,24
58301,128,128,123,102,7,26
58401,126,123,120,114,5,12
58501,128,124,121,110,7,18
58601,130,126,119,108,8,22
58701,128,126,125,104,6,24
58801,131,130,118,104,9,27
58901,126,126,118,115,4,11
59001,128,126,121,110,6,18
59101,128,128,122,107,6,21
59201,132,124,124,105,10,27
59301,124,122,121,120,2,4
59401,127,126,120,114,5,13
59501,129,126,122,110,7,19
59601,130,126,124,107,7,23
59701,132,126,124,105,9,27
59801,125,124,120,120,2,5
59901,130,124,120,115,7,15
60001,130,125,124,110,7,20
60101,130,126,126,107,7,23
60201,130,130,124,105,7,25
60301,125,124,124,118,2,7
60401,130,124,123,114,7,16
60501,129,128,124,110,6,19
60601,128,128,128,107,4,21
60701,130,130,126,105,6,25
60801,126,125,124,118,2,8
60901,130,126,123,114,6,16
61001,129,128,126,110,5,19
61101,131,130,124,108,7,23
61201,133,130,124,106,9,27
61301,126,126,125,118,2,8
61401,130,127,124,114,6,16
61501,133,128,122,112,9,21
61601,131,130,126,108,6,23
61701,133,130,126,106,8,27
61801,129,126,122,120,4,9
61901,130,127,126,114,5,16
62001,134,126,125,112,9,22
62101,134,131,122,110,9,24
62201,132,130,129,106,7,26
62301,130,125,124,120,5,10
62401,130,130,124,115,5,15
62501,132,132,122,113,6,19
62601,135,130,124,110,9,25
62701,138,132,117,112,12,26
62801,129,128,124,120,3,9
62901,130,130,126,115,4,15
63001,133,128,128,112,7,21
63101,135,130,126,110,9,25
63201,134,134,125,108,8,26
63301,129,128,126,120,3,9
63401,135,126,124,118,9,17
63501,134,130,126,113,8,21
63601,134,131,128,110,7,24
63701,136,130,129,108,9,28
63801,130,128,126,121,3,9
63901,131,130,128,116,4,15
64001,132,132,128,113,5,19
64101,135,134,124,112,8,23
64201,133,132,132,108,6,25
64301,130,129,126,122,3,8
64401,134,131,122,120,7,14
64501,136,136,130,103,9,33
64601,134,132,130,111,6,23
64701,136,132,130,109,8,27
64801,130,130,125,124,2,6
64901,132,132,127,118,4,14
65001,136,132,125,116,8,20
65101,136,131,130,112,8,24
65201,140,139,126,102,12,38
65301,130,129,128,124,2,6
65401,134,130,128,119,6,15
65501,138,128,128,117,10,21
65601,138,134,124,115,9,23
65701,134,134,133,110,5,24
65801,130,129,128,126,1,4
65901,134,131,128,120,5,14
66001,134,133,130,116,5,18
66101,136,135,128,114,7,22
66201,140,134,126,113,11,27
66301,139,136,128,110,10,29
66401,135,132,124,124,6,11
66501,134,134,130,117,5,17
66601,135,134,132,114,5,21
66701,138,133,132,112,8,26
66801,138,136,131,110,8,28
66901,134,131,130,122,4,12
67001,137,134,126,120,7,17
67101,136,134,132,115,6,21
67201,140,136,136,103,10,37
67301,140,134,132,111,10,29
67401,132,132,132,123,2,9
67501,136,136,125,122,6,14
67601,136,135,132,116,5,20
67701,140,137,126,116,9,24
67801,140,136,131,112,9,28
67901,135,130,130,126,4,9
68001,134,134,133,120,3,14
68101,138,138,123,122,7,16
68201,144,130,129,118,13,26
68301,140,139,128,114,9,26
68401,132,132,132,127,1,5
68501,137,132,132,122,6,15
68601,136,135,134,118,5,18
68701,140,134,133,116,8,24
68801,140,138,131,114,8,26
68901,142,137,132,112,10,30
69001,136,136,128,125,4,11
69101,138,136,131,120,6,18
69201,138,138,132,117,6,21
69301,142,134,134,115,10,27
69401,138,138,137,112,6,26
69501,136,134,132,125,4,11
69601,138,138,128,123,6,15
69701,138,138,133,118,5,20
69801,140,139,132,116,7,24
69901,138,138,138,113,5,25
70001,137,132,132,128,4,9
70101,136,136,135,122,3,14
70201,140,140,125,124,7,16
70301,144,142,140,99,11,45
70401,142,141,130,116,9,26
70501,134,134,133,130,1,4
70601,138,135,134,124,5,14
70701,140,140,126,125,7,15
70801,140,139,134,118,6,22
70901,144,140,129,118,10,26
71001,143,140,134,114,9,29
71101,138,135,134,126,4,12
71201,141,138,130,124,7,17
71301,140,138,136,119,6,21
71401,144,141,128,120,10,24
71501,144,138,136,115,10,29
71601,136,136,135,128,2,8
71701,140,137,134,124,6,16
71801,143,138,132,122,9,21
71901,141,140,136,118,6,23
72001,143,140,136,116,8,27
72101,136,135,134,132,1,4
72201,140,137,134,126,5,14
72301,140,139,136,122,5,18
72401,142,141,134,120,7,22
72501,146,140,132,119,11,27
72601,145,142,134,116,10,29
72701,141,136,132,130,6,11
72801,140,140,135,124,5,16
72901,142,140,136,121,6,21
73001,147,136,136,120,11,27
73101,142,141,140,116,6,26
73201,138,138,133,132,2,6
73301,140,140,135,126,4,14
73401,144,140,133,124,8,20
73501,144,139,138,120,8,24
73601,147,142,142,108,11,39
73701,148,143,132,118,12,30
73801,140,139,136,128,4,12
73901,141,140,138,124,5,17
74001,146,140,134,123,9,23
74101,146,145,128,124,9,22
74201,146,144,135,118,9,28
74301,140,138,136,131,3,9
74401,141,140,138,126,4,15
74501,142,142,138,123,5,19
74601,145,144,134,122,8,23
74701,143,142,142,118,6,25
74801,148,142,138,117,11,31
74901,142,140,136,129,5,13
75001,144,142,135,126,7,18
75101,144,141,140,122,6,22
75201,146,142,139,120,8,26
75301,149,146,130,122,11,27
75401,141,140,136,132,3,9
75501,142,142,138,127,4,15
75601,145,140,140,124,7,21
75701,147,142,138,122,9,25
75801,146,146,137,120,8,26
75901,138,138,138,137,0,1
76001,144,139,138,130,6,14
76101,145,140,140,126,7,19
76201,144,144,140,123,5,21
76301,150,144,133,124,11,26
76401,148,144,140,119,9,29
76501,143,140,136,134,4,9
76601,144,141,140,128,5,16
76701,148,140,139,126,9,22
76801,148,145,136,124,9,24
76901,146,144,143,120,7,26
77001,146,145,144,118,7,28
77101,145,142,134,134,6,11
77201,144,144,140,127,5,17
77301,145,144,142,124,5,21
77401,148,143,142,122,8,26
77501,148,146,141,120,8,28
77601,142,141,140,134,2,8
77701,146,142,139,130,6,16
77801,145,144,142,126,5,19
77901,147,146,140,124,7,23
78001,149,146,140,122,9,27
78101,151,144,142,120,11,31
78201,143,142,142,132,3,11
78301,146,146,137,130,6,16
78401,147,146,140,126,6,21
78501,150,145,140,124,9,26
78601,150,150,135,124,9,26
78701,143,142,138,138,2,5
78801,148,142,138,133,7,15
78901,148,143,142,128,7,20
79001,148,144,144,125,7,23
79101,148,148,142,123,7,25
79201,152,152,143,112,11,40
79301,145,144,138,136,4,9
79401,146,144,143,130,5,16
79501,149,146,140,128,8,21
79601,150,148,139,126,8,24
79701,153,146,140,124,11,29
79801,154,151,130,128,12,26
79901,146,146,138,135,4,11
80001,148,146,141,130,6,18
80101,148,148,142,127,6,21
80201,151,150,148,114,9,37
80301,148,148,147,122,6,26
80401,146,142,140,139,4,7
80501,146,145,144,132,4,14
80601,151,144,142,130,9,21
80701,152,149,136,130,9,22
80801,150,147,146,124,7,26
80901,150,149,146,122,7,28
81001,146,145,142,136,3,10
81101,148,147,142,132,5,16
81201,150,149,140,130,7,20
81301,150,147,146,126,7,24
81401,150,150,145,124,7,26
81501,151,150,146,122,8,29
81601,148,144,144,135,5,13
81701,150,149,138,134,7,16
81801,148,148,147,128,4,20
81901,150,150,145,126,6,24
82001,155,150,140,126,11,29
82101,146,144,143,140,2,6
82201,148,146,145,134,4,14
82301,150,148,144,131,6,19
82401,150,149,146,128,6,22
82501,152,152,142,127,8,25
82601,153,150,146,124,9,29
82701,146,146,145,138,2,8
82801,150,147,144,134,6,16
82901,153,148,142,132,9,21
83001,151,150,146,128,6,23
83101,153,150,146,126,8,27
83201,154,150,147,124,9,30
83301,148,148,143,138,3,10
83401,148,148,148,133,3,15
83501,152,150,144,131,7,21
83601,153,148,148,128,8,25
83701,154,150,147,126,9,28
83801,156,152,144,125,11,31
83901,150,146,146,137,5,13
84001,152,151,140,136,7,16
84101,150,150,149,130,4,20
84201,152,152,147,128,6,24
84301,155,154,152,116,9,39
84401,148,145,144,144,2,4
84501,151,150,140,140,5,11
84601,152,148,148,133,6,19
84701,151,150,150,130,5,21
84801,153,152,148,128,7,25
84901,155,150,150,126,9,29
85001,150,146,144,143,4,7
85101,150,149,148,136,4,14
85201,155,148,146,134,9,21
85301,156,153,140,134,9,22
85401,154,151,150,128,7,26
85501,154,153,150,126,7,28
85601,150,148,146,141,3,9
85701,151,150,148,136,4,15
85801,152,152,148,133,5,19
85901,155,154,144,132,8,23
86001,153,152,152,128,6,25
86101,158,152,148,127,11,31
86201,151,150,144,142,4,9
86301,152,150,149,136,5,16
86401,155,152,146,134,8,21
86501,156,154,145,132,8,24
86601,159,152,146,130,11,29
86701,160,157,136,134,12,26
86801,150,150,149,140,2,10
86901,152,151,150,136,4,16
87001,152,152,152,133,4,19
87101,156,152,150,131,8,25
87201,157,156,146,130,9,27
87301,156,156,150,127,8,29
87401,151,150,150,140,3,11
87501,154,154,145,138,6,16
87601,155,154,148,134,7,21
87701,158,153,148,132,9,26
87801,158,158,143,132,9,26
87901,158,157,148,128,9,30
88001,154,150,148,141,5,13
88101,155,154,146,138,6,17
88201,156,153,150,134,7,22
88301,160,156,139,138,11,22
88401,158,156,149,130,9,28
88501,158,158,157,118,9,40
88601,155,152,144,144,6,11
88701,154,154,150,137,5,17
88801,155,154,152,134,6,21
88901,158,153,152,132,8,26
89001,158,156,151,130,8,28
89101,158,157,152,128,8,30
89201,154,152,150,141,4,13
89301,159,152,146,140,9,19
89401,160,152,149,136,10,24
89501,156,155,154,132,6,24
89601,157,156,154,130,7,27
89701,150,150,150,149,0,1
89801,156,151,150,142,6,14
89901,157,152,152,138,7,19
90001,156,156,152,135,5,21
90101,160,159,156,122,9,38
90201,160,156,152,131,9,29
90301,151,150,150,150,0,1
90401,158,150,149,144,7,14
90501,155,154,154,138,4,17
90601,158,158,148,137,7,21
90701,159,158,150,134,8,25
90801,162,158,148,133,11,29
90901,160,160,151,130,9,30
91001,156,154,150,143,5,13
91101,158,156,149,140,7,18
91201,158,155,154,136,7,22
91301,160,156,153,134,8,26
91401,163,160,144,136,11,27
91501,161,158,154,130,9,31
91601,156,156,148,145,4,11
91701,158,156,151,140,6,18
91801,158,158,152,137,6,21
91901,162,154,154,135,10,27
92001,158,158,157,132,6,26
92101,164,159,150,132,12,32
92201,156,155,152,144,4,12
92301,157,156,154,140,5,17
92401,162,156,150,139,10,23
92501,162,160,159,124,9,38
92601,162,160,151,134,9,28
92701,164,164,155,122,11,42
92801,156,156,152,145,3,11
92901,160,156,151,142,7,18
93001,160,160,149,140,7,20
93101,162,156,155,136,9,26
93201,166,157,150,136,13,30
93301,164,161,160,122,11,42
93401,159,154,150,148,6,11
93501,158,158,153,142,5,16
93601,160,158,154,139,7,21
93701,165,154,154,138,11,27
93801,160,159,158,134,6,26
93901,164,160,154,133,10,31
94001,158,156,150,149,4,9
94101,160,156,154,143,6,17
94201,161,158,154,140,7,21
94301,164,156,155,138,10,26
94401,164,160,153,136,10,28
94501,166,158,155,134,12,32
94601,156,156,155,148,2,8
94701,160,157,154,144,6,16
94801,163,158,152,142,9,21
94901,161,160,156,138,6,23
95001,163,160,156,136,8,27
95101,164,160,157,134,9,30
95201,157,156,154,150,2,7
95301,160,159,152,146,5,14
95401,161,160,154,142,6,19
95501,162,160,156,139,7,23
95601,164,160,156,137,9,27
95701,164,162,156,135,9,29
95801,156,156,155,152,1,4
95901,160,157,156,146,5,14
96001,162,162,148,147,7,15
96101,162,161,156,140,6,22
96201,166,162,151,140,10,26
96301,165,162,156,136,9,29
96401,166,165,162,124,10,42
96501,158,158,158,147,2,11
96601,164,158,154,145,8,19
96701,164,163,150,144,8,20
96801,164,164,153,140,8,24
96901,166,165,162,126,10,40
97001,169,164,150,138,13,31
97101,160,158,156,149,4,11
97201,162,162,152,147,6,15
97301,162,162,157,142,6,20
97401,164,163,156,140,7,24
97501,162,162,162,137,5,25
97601,168,160,159,136,11,32
97701,160,158,156,151,3,9
97801,161,160,158,146,4,15
97901,162,162,158,143,5,19
98001,165,164,154,142,8,23
98101,163,162,162,138,6,25
98201,168,162,158,137,11,31
98301,158,158,158,153,1,5
98401,163,158,158,148,6,15
98501,162,161,160,144,5,18
98601,166,160,159,142,8,24
98701,166,164,157,140,8,26
98801,168,163,158,138,10,30
98901,168,168,153,138,10,30
99001,160,160,160,149,2,11
99101,166,160,156,147,8,19
99201,166,165,152,146,8,20
99301,166,166,155,142,8,24
99401,168,168,163,128,10,40
99501,171,166,152,140,13,31
99601,160,160,160,151,2,9
99701,164,164,153,150,6,14
99801,164,163,160,144,6,20
99901,167,166,166,130,8,37
